,cost,impressions,clicks,conversions,ctr,conv_rate_click,cpc,cpl
count,4.0,4.0,4.0,4.0,4.0,4.0,4.0,4.0
mean,2125.0,62500.0,1800.0,146.25,0.0285218253968254,0.08148018648018647,1.4084304584304583,17.142857142857142
std,788.986691902975,22173.55782608345,752.772652709081,60.466933112239126,0.006567460317460317,0.0014427755827919578,0.9591902888786513,11.355587061917412
min,1200.0,40000.0,900.0,75.0,0.0225,0.08,0.6923076923076923,8.571428571428571
25%,1650.0,47500.0,1350.0,108.75,0.023958333333333335,0.08057692307692307,0.7730769230769231,9.642857142857142
50%,2150.0,60000.0,1850.0,150.0,0.027222222222222224,0.0812937062937063,1.0818181818181818,13.333333333333334
75%,2625.0,75000.0,2300.0,187.5,0.031785714285714285,0.0821969696969697,1.7171717171717171,20.833333333333336
max,3000.0,90000.0,2600.0,210.0,0.037142857142857144,0.08333333333333333,2.7777777777777777,33.333333333333336
