campaign_id,channel,cost,impressions,clicks,conversions,ctr,conv_rate_click,conv_rate_impr,cpc,cpl
CAMP01,Emailing,1200,50000,1500,120,0.03,0.08,0.0024,0.8,10.0
CAMP02,Facebook Ads,3000,90000,2200,180,0.024444444444444446,0.08181818181818182,0.002,1.3636363636363635,16.666666666666668
CAMP03,LinkedIn,2500,40000,900,75,0.0225,0.08333333333333333,0.001875,2.7777777777777777,33.333333333333336
CAMP04,Instagram Ads,1800,70000,2600,210,0.037142857142857144,0.08076923076923077,0.003,0.6923076923076923,8.571428571428571
