channel,ctr,cpl,conv_rate_click
Instagram Ads,0.037142857142857144,8.571428571428571,0.08076923076923077
Emailing,0.03,10.0,0.08
Facebook Ads,0.024444444444444446,16.666666666666668,0.08181818181818182
LinkedIn,0.0225,33.333333333333336,0.08333333333333333
